name,solver,nx,dt,D,p,q,elapsed
explicit_nx50_dt0.0001_D0.01_p0.01_q1.0,explicit,50,0.0001,0.01,0.01,1.0,0.006165332999998441
explicit_nx50_dt0.0001_D0.1_p0.001_q5.0,explicit,50,0.0001,0.1,0.001,5.0,0.0029327499999993734
explicit_nx50_dt0.0001_D1.0_p0.1_q10.0,explicit,50,0.0001,1.0,0.1,10.0,0.0029076659999986987
explicit_nx50_dt5e-05_D0.01_p0.01_q1.0,explicit,50,5e-05,0.01,0.01,1.0,0.005651000000000295
explicit_nx50_dt5e-05_D0.1_p0.001_q5.0,explicit,50,5e-05,0.1,0.001,5.0,0.005970707999999547
explicit_nx50_dt5e-05_D1.0_p0.1_q10.0,explicit,50,5e-05,1.0,0.1,10.0,0.005756707999999833
explicit_nx100_dt0.0001_D0.01_p0.01_q1.0,explicit,100,0.0001,0.01,0.01,1.0,0.002966792000002272
explicit_nx100_dt0.0001_D0.1_p0.001_q5.0,explicit,100,0.0001,0.1,0.001,5.0,0.00309466599999908
explicit_nx100_dt0.0001_D1.0_p0.1_q10.0,explicit,100,0.0001,1.0,0.1,10.0,0.0033566670000020338
explicit_nx100_dt5e-05_D0.01_p0.01_q1.0,explicit,100,5e-05,0.01,0.01,1.0,0.005871875000000415
explicit_nx100_dt5e-05_D0.1_p0.001_q5.0,explicit,100,5e-05,0.1,0.001,5.0,0.00591316699999922
explicit_nx100_dt5e-05_D1.0_p0.1_q10.0,explicit,100,5e-05,1.0,0.1,10.0,0.00583599999999862
explicit_nx200_dt0.0001_D0.01_p0.01_q1.0,explicit,200,0.0001,0.01,0.01,1.0,0.0032454589999986183
explicit_nx200_dt0.0001_D0.1_p0.001_q5.0,explicit,200,0.0001,0.1,0.001,5.0,0.003391541999999248
explicit_nx200_dt0.0001_D1.0_p0.1_q10.0,explicit,200,0.0001,1.0,0.1,10.0,0.003319416000000075
explicit_nx200_dt5e-05_D0.01_p0.01_q1.0,explicit,200,5e-05,0.01,0.01,1.0,0.006452000000003011
explicit_nx200_dt5e-05_D0.1_p0.001_q5.0,explicit,200,5e-05,0.1,0.001,5.0,0.0067456250000006435
explicit_nx200_dt5e-05_D1.0_p0.1_q10.0,explicit,200,5e-05,1.0,0.1,10.0,0.006752542000000972
semi-implicit_nx50_dt0.0001_D0.01_p0.01_q1.0,semi-implicit,50,0.0001,0.01,0.01,1.0,0.016951167000001988
semi-implicit_nx50_dt0.0001_D0.1_p0.001_q5.0,semi-implicit,50,0.0001,0.1,0.001,5.0,0.016835416999999353
semi-implicit_nx50_dt0.0001_D1.0_p0.1_q10.0,semi-implicit,50,0.0001,1.0,0.1,10.0,0.01641300000000001
semi-implicit_nx50_dt5e-05_D0.01_p0.01_q1.0,semi-implicit,50,5e-05,0.01,0.01,1.0,0.033342957999998646
semi-implicit_nx50_dt5e-05_D0.1_p0.001_q5.0,semi-implicit,50,5e-05,0.1,0.001,5.0,0.033434624999998164
semi-implicit_nx50_dt5e-05_D1.0_p0.1_q10.0,semi-implicit,50,5e-05,1.0,0.1,10.0,0.03349562500000047
semi-implicit_nx100_dt0.0001_D0.01_p0.01_q1.0,semi-implicit,100,0.0001,0.01,0.01,1.0,0.021051749999998037
semi-implicit_nx100_dt0.0001_D0.1_p0.001_q5.0,semi-implicit,100,0.0001,0.1,0.001,5.0,0.021500916999997344
semi-implicit_nx100_dt0.0001_D1.0_p0.1_q10.0,semi-implicit,100,0.0001,1.0,0.1,10.0,0.021242292000000162
semi-implicit_nx100_dt5e-05_D0.01_p0.01_q1.0,semi-implicit,100,5e-05,0.01,0.01,1.0,0.0413919579999984
semi-implicit_nx100_dt5e-05_D0.1_p0.001_q5.0,semi-implicit,100,5e-05,0.1,0.001,5.0,0.040892082999999246
semi-implicit_nx100_dt5e-05_D1.0_p0.1_q10.0,semi-implicit,100,5e-05,1.0,0.1,10.0,0.04048170799999795
semi-implicit_nx200_dt0.0001_D0.01_p0.01_q1.0,semi-implicit,200,0.0001,0.01,0.01,1.0,0.028151541999999807
semi-implicit_nx200_dt0.0001_D0.1_p0.001_q5.0,semi-implicit,200,0.0001,0.1,0.001,5.0,0.028173875000000237
semi-implicit_nx200_dt0.0001_D1.0_p0.1_q10.0,semi-implicit,200,0.0001,1.0,0.1,10.0,0.02856079200000039
semi-implicit_nx200_dt5e-05_D0.01_p0.01_q1.0,semi-implicit,200,5e-05,0.01,0.01,1.0,0.0560605840000008
semi-implicit_nx200_dt5e-05_D0.1_p0.001_q5.0,semi-implicit,200,5e-05,0.1,0.001,5.0,0.056764832999999015
semi-implicit_nx200_dt5e-05_D1.0_p0.1_q10.0,semi-implicit,200,5e-05,1.0,0.1,10.0,0.05666233400000209
crank-nicolson_nx50_dt0.0001_D0.01_p0.01_q1.0,crank-nicolson,50,0.0001,0.01,0.01,1.0,0.017949250000000916
crank-nicolson_nx50_dt0.0001_D0.1_p0.001_q5.0,crank-nicolson,50,0.0001,0.1,0.001,5.0,0.01823204200000106
crank-nicolson_nx50_dt0.0001_D1.0_p0.1_q10.0,crank-nicolson,50,0.0001,1.0,0.1,10.0,0.01782916699999859
crank-nicolson_nx50_dt5e-05_D0.01_p0.01_q1.0,crank-nicolson,50,5e-05,0.01,0.01,1.0,0.03612766699999881
crank-nicolson_nx50_dt5e-05_D0.1_p0.001_q5.0,crank-nicolson,50,5e-05,0.1,0.001,5.0,0.0362745000000011
crank-nicolson_nx50_dt5e-05_D1.0_p0.1_q10.0,crank-nicolson,50,5e-05,1.0,0.1,10.0,0.03621491699999879
crank-nicolson_nx100_dt0.0001_D0.01_p0.01_q1.0,crank-nicolson,100,0.0001,0.01,0.01,1.0,0.02215779199999801
crank-nicolson_nx100_dt0.0001_D0.1_p0.001_q5.0,crank-nicolson,100,0.0001,0.1,0.001,5.0,0.02209687500000257
crank-nicolson_nx100_dt0.0001_D1.0_p0.1_q10.0,crank-nicolson,100,0.0001,1.0,0.1,10.0,0.022745832999998328
crank-nicolson_nx100_dt5e-05_D0.01_p0.01_q1.0,crank-nicolson,100,5e-05,0.01,0.01,1.0,0.04483516700000223
crank-nicolson_nx100_dt5e-05_D0.1_p0.001_q5.0,crank-nicolson,100,5e-05,0.1,0.001,5.0,0.04367225000000019
crank-nicolson_nx100_dt5e-05_D1.0_p0.1_q10.0,crank-nicolson,100,5e-05,1.0,0.1,10.0,0.044191416999996846
crank-nicolson_nx200_dt0.0001_D0.01_p0.01_q1.0,crank-nicolson,200,0.0001,0.01,0.01,1.0,0.030158917000001395
crank-nicolson_nx200_dt0.0001_D0.1_p0.001_q5.0,crank-nicolson,200,0.0001,0.1,0.001,5.0,0.03009370800000255
crank-nicolson_nx200_dt0.0001_D1.0_p0.1_q10.0,crank-nicolson,200,0.0001,1.0,0.1,10.0,0.030170709000000073
crank-nicolson_nx200_dt5e-05_D0.01_p0.01_q1.0,crank-nicolson,200,5e-05,0.01,0.01,1.0,0.059079167000000155
crank-nicolson_nx200_dt5e-05_D0.1_p0.001_q5.0,crank-nicolson,200,5e-05,0.1,0.001,5.0,0.05957645899999875
crank-nicolson_nx200_dt5e-05_D1.0_p0.1_q10.0,crank-nicolson,200,5e-05,1.0,0.1,10.0,0.059207791999998705
